Name	title	coding
t3_qnotut	Positive COVID Case at CHEM 222 midterm 2/Lab	o
t3_qq5qod	The 200 students in person limit	c
t3_qmndra	Comment on OSD exams?	o
t3_qmslx9	Where can I find a poppy? (2021)	o
t3_qocst2	SSMU Dental Insurance maxed out, what should I do	o
t3_qmqm93	Is 3.7 GPA good for a Psychology major?	c
t3_qoet9m	Anyone done the government's free french courses that you get paid to do?	o
t3_qnqqcq	Good complementary classes with no essays (engineering)	c
t3_qmuiwp	Unwell Woman in Burnside ground staircase	o
t3_qnu3xn	Any fans of Better Call Saul?	o
t3_qprgxb	Recommendations for U3 electives?	c
t3_qp3xao	To full time students/part time workers in the Life Sciences program, what should be the maximum amount of hours you allot for work without compromising your studies??	o
t3_qpjb3c	Which advisor should I contact to talk about switching faculties?	o
t3_qpt94m	FINE 441 projects	c
t3_qns1ue	Petition for Thomson House Menu change!	r
t3_qpfm5z	Flags lowered in memory of deceased students: Cause of death?	o
t3_qp536l	BIOC 311. oh my god	c
t3_qownap	Lost Goggle	o
t3_qn8xww	Hot water on campus?	o
t3_qpkl4v	what is this about? seems sus	o
t3_qprmam	Your experience in MATH 396/410	c
t3_qnowoj	UPDATE: KEYS FOUND!!!	o
t3_qp6gu4	good news monday	o
t3_qphe5x	Starting a band	o
t3_qnukdm	Failing	c
t3_qodyxq	Wellness hub replacement?	o
t3_qq0d9v	Should I wait until the status of the medical exam is updated to arrive?	o
t3_qpknpx	PHIL 434 Midterm	c
t3_qp1lnb	IPN Supervisor Hunt	o
t3_qnnvxb	Watching UFC Events Near Campus	o
t3_qpo84a	How many days ahead do you typically start studying for a midterm?	c
t3_qovae6	Where to apply for summer internships CS?	o
t3_qncnpo	Question about Richard Roy	o
t3_qpo7y6	How many classes can you fail before you get kicked out?	c
t3_qos56x	Quick SOCI235 Questions	c
t3_qpkcxp	Peculiar microwave ?	f
t3_qp5hbh	anyone took mgcr 382 with Nicholas Matziorinis?	c
t3_qnm80d	birth control @ wellness hub	o
t3_qpma8y	How long does it take to get official transcripts?	o
t3_qphbd3	DONE WITH HEALTH SERVICES	o
t3_qnlnww	Question about PHGY212 Final	c
t3_qmt2hq	Can you talk in the Redpath floor 2 pods?	o
t3_qow0ax	Any McGillians Working in Toronto This Winter?	o
t3_qpo74y	Grading at McGill	c
t3_qp884q	My only source for a reference doesn't want to be a reference - what to do?	o
t3_qphp3l	Hot chocolate	f
t3_qmvj56	course equivalency	c
t3_qn2tjp	midterm grade and course grade	c
t3_qnfz1o	Here's a nice secret study spot - can anyone guess where it is?	o
t3_qp87j2	On-campus study spots with nice outside view ?	o
